Date,Close/Last,Volume,Open,High,Low
07/07/2025,$51.82,11028600,$52.28,$53.27,$51.41
07/03/2025,$52.89,6612290,$52.79,$53.9601,$52.70
07/02/2025,$52.68,9461786,$52.03,$52.77,$51.96
07/01/2025,$52.03,13748030,$48.82,$52.125,$48.80
06/30/2025,$49.21,9634888,$49.58,$49.62,$48.93
06/27/2025,$49.68,10695840,$49.32,$50.14,$49.08
06/26/2025,$49.16,10386260,$48.04,$49.19,$47.72
06/25/2025,$48.13,6906761,$49.02,$49.0999,$47.82
06/24/2025,$49.00,12550430,$48.96,$49.365,$48.85
06/23/2025,$48.52,10626480,$47.96,$48.58,$47.63
06/20/2025,$48.20,22249840,$48.42,$48.735,$47.785
06/18/2025,$48.09,8418081,$48.30,$48.70,$47.94
06/17/2025,$48.28,9078657,$48.87,$49.246,$48.25
06/16/2025,$49.27,5884651,$49.25,$49.465,$48.65
06/13/2025,$48.65,8701843,$48.62,$49.18,$48.405
06/12/2025,$49.26,6602178,$49.46,$49.54,$48.60
06/11/2025,$49.87,10605780,$49.33,$50.40,$49.27
06/10/2025,$48.93,7942551,$48.09,$49.325,$47.84
06/09/2025,$47.93,6467748,$47.87,$48.57,$47.73
06/06/2025,$47.47,7949455,$47.64,$47.84,$47.195
06/05/2025,$47.25,10097210,$47.51,$47.85,$46.815
06/04/2025,$47.67,9889323,$49.06,$49.10,$47.60
06/03/2025,$49.06,12403490,$47.55,$49.14,$47.285
06/02/2025,$47.69,13019240,$49.10,$49.19,$47.035
05/30/2025,$49.61,17722760,$48.46,$49.935,$48.29
05/29/2025,$48.59,8400697,$48.45,$48.62,$47.965
05/28/2025,$48.13,8419556,$49.09,$49.09,$48.015
05/27/2025,$49.09,8936848,$49.17,$49.46,$48.50
05/23/2025,$48.69,5612309,$48.37,$49.17,$48.3121
05/22/2025,$49.28,6378158,$49.35,$49.68,$48.90
05/21/2025,$49.37,7515609,$49.88,$50.54,$49.29
05/20/2025,$50.21,6565365,$50.26,$50.55,$49.90
05/19/2025,$50.03,9406488,$49.71,$50.35,$49.18
05/16/2025,$50.37,6099765,$50.11,$50.39,$49.85
05/15/2025,$50.12,7286622,$49.79,$50.235,$49.58
05/14/2025,$50.31,8949319,$50.36,$50.81,$50.09
05/13/2025,$50.46,10427590,$49.56,$50.615,$49.395
05/12/2025,$49.61,13160580,$49.74,$50.14,$48.87
05/09/2025,$47.50,8582913,$47.56,$47.965,$47.25
05/08/2025,$47.35,14499470,$46.10,$47.715,$46.09
05/07/2025,$45.47,8711862,$45.71,$45.94,$44.97
05/06/2025,$45.46,9638215,$45.01,$45.97,$44.84
05/05/2025,$45.38,8084268,$45.28,$45.75,$45.15
05/02/2025,$45.30,11649770,$45.71,$45.815,$44.95
05/01/2025,$45.05,15875500,$46.50,$46.54,$44.72
04/30/2025,$45.24,17948630,$46.21,$46.54,$44.72
04/29/2025,$46.94,24183080,$45.91,$47.46,$45.3419
04/28/2025,$47.24,15269760,$47.20,$47.81,$46.65
04/25/2025,$47.11,8108116,$46.54,$47.56,$46.54
04/24/2025,$46.88,7509202,$46.21,$47.07,$45.84
04/23/2025,$45.84,9032792,$46.50,$47.415,$45.68
04/22/2025,$45.16,8438508,$45.10,$45.65,$44.74
04/21/2025,$44.39,6424836,$44.47,$44.69,$43.765
04/17/2025,$44.57,11707460,$44.27,$45.28,$43.93
04/16/2025,$44.22,9876971,$44.36,$45.055,$43.89
04/15/2025,$44.54,9799297,$44.20,$44.87,$44.13
04/14/2025,$45.14,22020940,$43.87,$45.87,$43.11
04/11/2025,$43.63,10735590,$43.50,$43.94,$42.75
04/10/2025,$43.73,17437870,$44.16,$44.46,$42.62
04/09/2025,$45.74,23918110,$41.86,$46.2999,$41.635
04/08/2025,$42.48,16415590,$44.94,$45.40,$41.94
04/07/2025,$43.53,25522110,$41.75,$45.35,$41.60
04/04/2025,$44.18,26717440,$44.46,$44.73,$42.73
04/03/2025,$45.90,18871210,$46.95,$47.78,$45.845
04/02/2025,$47.98,12305550,$46.87,$48.27,$46.87
04/01/2025,$47.26,14065630,$47.01,$47.77,$46.50
03/31/2025,$47.03,15878570,$45.66,$47.27,$45.61
03/28/2025,$46.68,18820080,$46.91,$47.14,$45.81
03/27/2025,$47.20,35798980,$46.99,$48.40,$46.26
03/26/2025,$50.95,20907420,$52.69,$53.29,$50.65
03/25/2025,$52.59,14836170,$51.50,$52.76,$51.50
03/24/2025,$51.46,16024350,$50.76,$51.885,$50.46
03/21/2025,$49.80,37624930,$48.98,$50.04,$48.735
03/20/2025,$49.44,12906870,$48.81,$49.98,$48.75
03/19/2025,$49.79,13291570,$48.825,$50.21,$48.70
03/18/2025,$48.67,19265430,$49.35,$49.83,$48.19
03/17/2025,$49.00,14102360,$48.51,$49.269,$48.28
03/14/2025,$48.34,14143860,$47.79,$48.75,$47.64
03/13/2025,$47.11,14189930,$47.77,$49.27,$46.87
03/12/2025,$47.90,10041760,$48.50,$48.74,$46.9328
03/11/2025,$48.28,21879860,$48.00,$48.8195,$46.03
03/10/2025,$48.08,21621580,$46.81,$48.18,$46.77
03/07/2025,$47.44,13824430,$47.78,$47.82,$46.04
03/06/2025,$47.20,14332010,$47.77,$48.33,$46.39
03/05/2025,$48.48,27954240,$46.70,$49.07,$46.23
03/04/2025,$45.22,20786780,$46.415,$46.42,$44.41
03/03/2025,$47.38,16880520,$49.98,$50.50,$46.74
02/28/2025,$49.13,21380540,$47.52,$49.49,$47.1279
02/27/2025,$47.63,14881110,$47.80,$48.9275,$47.56
02/26/2025,$48.46,17082040,$48.91,$50.19,$48.155
02/25/2025,$46.71,7903769,$46.72,$47.02,$45.69
02/24/2025,$46.57,8127113,$46.67,$46.91,$46.04
02/21/2025,$46.29,6775712,$47.93,$48.09,$45.925
02/20/2025,$47.89,5801818,$47.79,$47.91,$46.76
02/19/2025,$47.80,6835996,$47.73,$47.97,$47.22
02/18/2025,$48.13,6967252,$48.70,$48.71,$47.60
02/14/2025,$48.37,5630048,$48.39,$48.68,$47.92
02/13/2025,$47.89,7748283,$48.14,$48.63,$47.35
02/12/2025,$47.69,10572400,$46.42,$47.99,$46.26
02/11/2025,$46.70,7058475,$46.36,$46.84,$46.26
02/10/2025,$46.57,9017178,$47.40,$47.60,$46.44
02/07/2025,$47.39,9608542,$47.69,$48.32,$47.21
02/06/2025,$47.93,9218439,$47.99,$48.39,$47.44
02/05/2025,$47.81,10719380,$48.71,$48.79,$47.74
02/04/2025,$48.57,9746674,$47.17,$48.935,$47.11
02/03/2025,$47.90,28555890,$46.50,$49.23,$46.37
01/31/2025,$49.46,20578690,$49.67,$51.73,$49.18
01/30/2025,$49.50,16443170,$50.45,$50.985,$47.76
01/29/2025,$49.78,15122970,$50.28,$50.61,$49.12
01/28/2025,$50.04,33776650,$50.98,$50.98,$48.72
01/27/2025,$54.92,12075420,$54.26,$55.06,$54.075
01/24/2025,$53.91,6619598,$54.19,$54.60,$53.705
01/23/2025,$54.22,7452914,$53.04,$54.35,$52.738
01/22/2025,$52.76,7778056,$53.33,$53.45,$52.43
01/21/2025,$53.89,12962110,$51.785,$54.06,$51.29
01/17/2025,$50.97,9619992,$51.93,$52.1892,$50.73
01/16/2025,$51.84,6415449,$51.66,$52.02,$51.16
01/15/2025,$51.70,7518934,$52.20,$52.945,$51.62
01/14/2025,$50.94,7170066,$50.43,$51.415,$50.20
01/13/2025,$49.93,7950908,$49.035,$50.10,$49.02
01/10/2025,$49.85,7847704,$50.78,$50.84,$49.76
01/08/2025,$51.00,7243663,$51.75,$51.75,$50.305
01/07/2025,$51.98,9093274,$53.70,$53.70,$51.92
01/06/2025,$53.53,9728239,$52.76,$54.395,$52.25
01/03/2025,$51.77,8949929,$51.50,$51.955,$50.455
01/02/2025,$51.37,10170420,$53.32,$53.47,$51.024
12/31/2024,$53.27,4734394,$53.89,$54.22,$52.95
12/30/2024,$53.66,7246775,$53.74,$54.095,$52.93
12/27/2024,$54.28,5884436,$53.81,$54.86,$53.76
12/26/2024,$54.18,6073502,$53.37,$54.38,$53.14
12/24/2024,$53.51,4541139,$52.70,$53.63,$52.52
12/23/2024,$52.56,7553113,$51.49,$52.59,$51.36
12/20/2024,$51.81,23917850,$50.09,$52.14,$50.07
12/19/2024,$50.34,11214220,$50.62,$51.335,$50.29
12/18/2024,$49.99,13564950,$51.26,$51.86,$49.96
12/17/2024,$51.15,11201600,$51.59,$51.9323,$51.13
12/16/2024,$52.24,11688380,$52.05,$52.615,$51.28
12/13/2024,$52.53,8849316,$52.25,$52.82,$51.90
12/12/2024,$52.30,9454864,$52.40,$52.69,$51.94
12/11/2024,$52.04,12609060,$53.25,$53.45,$51.30
12/10/2024,$52.74,7721990,$53.77,$53.77,$52.34
12/09/2024,$52.71,7959628,$54.00,$54.46,$52.66
12/06/2024,$53.41,8625892,$53.71,$53.90,$53.005
12/05/2024,$53.39,10017880,$53.61,$53.91,$53.01
12/04/2024,$53.36,13225670,$53.62,$53.83,$52.755
12/03/2024,$53.66,14234800,$55.10,$55.2116,$53.48
12/02/2024,$55.04,10602600,$55.50,$55.62,$54.69
11/29/2024,$55.59,8064728,$56.43,$56.99,$55.59
11/27/2024,$55.50,11386760,$55.20,$56.07,$55.15
11/26/2024,$54.79,25817330,$57.65,$58.32,$54.73
11/25/2024,$60.20,25347320,$59.16,$61.24,$58.90
11/22/2024,$58.53,14591700,$55.74,$58.895,$55.65
11/21/2024,$55.68,11326720,$55.20,$55.81,$54.73
11/20/2024,$54.87,12183690,$55.00,$55.49,$54.575
11/19/2024,$55.11,14530550,$55.02,$56.78,$54.77
11/18/2024,$56.25,12277780,$57.49,$57.52,$55.84
11/15/2024,$57.04,12624970,$57.53,$57.825,$56.94
11/14/2024,$57.62,17750200,$57.79,$59.39,$57.17
11/13/2024,$57.71,10048550,$57.61,$58.42,$57.535
11/12/2024,$57.41,10219680,$57.50,$58.29,$57.015
11/11/2024,$57.66,11276500,$56.17,$58.22,$55.96
11/08/2024,$55.58,10247530,$55.10,$56.075,$54.845
11/07/2024,$55.39,10964840,$55.13,$55.93,$54.20
11/06/2024,$55.05,19150140,$54.48,$55.38,$53.14
11/05/2024,$53.70,11534030,$51.66,$53.74,$51.51
11/04/2024,$51.80,9778535,$50.99,$52.7712,$50.99
11/01/2024,$50.96,10289520,$51.15,$51.78,$50.79
10/31/2024,$50.76,9364559,$51.75,$52.12,$50.735
10/30/2024,$51.97,8179610,$51.50,$52.73,$51.50
10/29/2024,$51.54,13807600,$52.125,$52.22,$50.97
10/28/2024,$52.73,11504940,$52.25,$52.855,$52.05
10/25/2024,$52.07,8445108,$53.20,$53.41,$51.91
10/24/2024,$52.72,11800740,$53.65,$54.295,$52.48
10/23/2024,$52.92,16109790,$54.05,$54.19,$52.515
10/22/2024,$53.73,42657710,$50.02,$54.175,$49.99
10/21/2024,$48.93,11492090,$49.26,$49.60,$48.63
10/18/2024,$49.18,9500117,$49.64,$49.75,$49.095
10/17/2024,$49.38,8333573,$49.00,$49.485,$48.64
10/16/2024,$49.01,10152810,$48.49,$49.265,$48.36
10/15/2024,$47.85,12532060,$48.22,$48.905,$47.81
10/14/2024,$48.63,6774134,$47.75,$48.765,$47.63
10/11/2024,$47.87,9181011,$47.37,$48.248,$47.29
10/10/2024,$47.69,9740109,$47.62,$47.96,$47.36
10/09/2024,$47.93,17185710,$46.04,$47.975,$45.67
10/08/2024,$46.01,16608440,$46.07,$47.35,$45.77
10/07/2024,$45.98,11276670,$45.42,$46.12,$45.26
10/04/2024,$45.68,11429410,$45.81,$46.145,$45.50
10/03/2024,$44.98,9409856,$44.42,$45.03,$44.06
10/02/2024,$44.82,10730110,$44.78,$45.54,$44.73
10/01/2024,$44.88,15157170,$45.15,$45.48,$44.38
09/30/2024,$44.84,20255040,$44.92,$45.90,$44.47
09/27/2024,$46.48,13298590,$46.37,$47.07,$45.99
09/26/2024,$45.81,11892050,$45.72,$46.1199,$45.45
09/25/2024,$45.73,22910590,$45.95,$46.4399,$44.98
09/24/2024,$48.07,9500995,$48.46,$48.765,$47.575
09/23/2024,$48.04,14181160,$47.60,$48.28,$46.975
09/20/2024,$48.88,18091560,$48.24,$48.995,$47.90
09/19/2024,$48.62,13490200,$49.49,$49.86,$48.20
09/18/2024,$48.66,14533770,$47.72,$49.55,$47.70
09/17/2024,$47.52,8941604,$47.36,$48.175,$47.08
09/16/2024,$46.87,9928011,$46.45,$47.69,$46.45
09/13/2024,$46.30,8986253,$46.31,$47.05,$46.17
09/12/2024,$46.12,14599890,$44.69,$46.62,$44.62
09/11/2024,$44.67,15847730,$44.69,$44.89,$43.80
09/10/2024,$44.82,18918240,$45.976,$46.51,$44.23
09/09/2024,$47.40,11374310,$47.33,$47.885,$47.05
09/06/2024,$47.14,16080930,$48.07,$48.65,$47.01
09/05/2024,$48.15,14888730,$48.68,$49.065,$47.90
09/04/2024,$48.45,8293312,$48.67,$49.28,$48.19
09/03/2024,$48.41,14946810,$49.15,$49.86,$48.12
08/30/2024,$49.78,15736900,$49.69,$49.8601,$49.1101
08/29/2024,$49.47,8448588,$49.49,$49.815,$49.11
08/28/2024,$49.05,7397330,$49.00,$49.45,$48.84
08/27/2024,$49.25,10256490,$48.56,$49.46,$48.56
08/26/2024,$48.75,8800721,$48.87,$49.17,$48.64
08/23/2024,$48.57,12918090,$47.31,$48.63,$47.1933
08/22/2024,$46.46,6629375,$46.69,$46.97,$46.381
08/21/2024,$46.56,11897030,$46.25,$46.915,$46.245
08/20/2024,$45.98,9188693,$45.70,$46.47,$45.67
08/19/2024,$45.76,9598085,$45.45,$45.925,$45.18
08/16/2024,$45.32,10592580,$44.75,$45.43,$44.65
08/15/2024,$44.86,12913940,$44.77,$45.19,$44.62
08/14/2024,$43.61,10772220,$43.62,$43.95,$43.445
08/13/2024,$43.32,10304300,$43.06,$43.35,$42.52
08/12/2024,$42.99,9336320,$43.34,$43.60,$42.74
08/09/2024,$43.48,14119680,$42.60,$44.105,$42.46
08/08/2024,$42.73,17717880,$41.09,$42.98,$41.09
08/07/2024,$40.65,11245300,$41.23,$41.505,$40.52
08/06/2024,$40.61,14701950,$40.02,$41.15,$39.78
08/05/2024,$39.95,23849430,$39.40,$40.30,$38.96
08/02/2024,$41.17,21627020,$42.38,$42.42,$40.985
08/01/2024,$43.37,15919030,$44.67,$45.15,$43.12
07/31/2024,$44.32,14112040,$44.31,$45.08,$43.67
07/30/2024,$44.23,12171710,$44.15,$44.974,$44.15
07/29/2024,$44.15,12521480,$44.13,$44.27,$43.66
07/26/2024,$44.12,18411120,$44.28,$44.55,$43.66
07/25/2024,$44.13,27256400,$45.67,$45.77,$44.11
07/24/2024,$46.49,21134870,$45.29,$46.595,$45.12
07/23/2024,$46.38,41152100,$49.34,$49.50,$45.83
07/22/2024,$49.56,17064730,$48.46,$49.70,$48.255
07/19/2024,$48.30,16931000,$49.54,$49.56,$48.16
07/18/2024,$49.65,12268010,$50.00,$50.50,$49.165
07/17/2024,$49.90,9158492,$49.40,$49.965,$49.14
07/16/2024,$49.77,10192480,$49.32,$49.99,$48.81
07/15/2024,$49.30,11073440,$49.50,$50.00,$49.16
07/12/2024,$49.01,16289560,$48.02,$49.35,$47.91
07/11/2024,$47.93,16686620,$46.90,$48.00,$46.83
07/10/2024,$46.53,6711734,$46.51,$46.77,$46.36
07/09/2024,$46.26,9664247,$46.45,$46.84,$46.185
07/08/2024,$46.55,10868910,$46.80,$47.48,$46.215
07/05/2024,$46.52,11452690,$46.62,$47.085,$46.19
07/03/2024,$46.71,5440684,$46.98,$47.07,$46.2821
07/02/2024,$46.95,11338270,$46.40,$47.08,$46.37
07/01/2024,$46.68,10825070,$46.52,$47.165,$46.29
06/28/2024,$46.46,15020440,$46.03,$46.66,$45.97
06/27/2024,$45.58,10409760,$45.69,$46.0498,$45.30
06/26/2024,$45.77,13055950,$45.90,$46.13,$45.52
06/25/2024,$46.41,18067120,$48.00,$48.10,$45.93
06/24/2024,$48.11,46697660,$47.77,$48.69,$47.77
06/21/2024,$47.72,16737260,$47.78,$47.86,$47.05
06/20/2024,$47.77,10118010,$47.31,$47.945,$47.255
06/18/2024,$47.44,9691071,$47.29,$48.04,$47.28
06/17/2024,$47.40,9720620,$46.78,$47.53,$46.705
06/14/2024,$46.77,14716550,$47.135,$47.39,$45.93
06/13/2024,$47.65,19451720,$48.62,$48.72,$47.39
06/12/2024,$48.86,14222210,$48.84,$49.35,$48.63
06/11/2024,$48.21,21186990,$48.26,$48.9469,$47.68
06/10/2024,$47.57,18578780,$45.69,$47.76,$45.64
06/07/2024,$45.72,10811700,$45.35,$46.08,$45.20
06/06/2024,$45.61,10169780,$45.58,$45.975,$45.425
06/05/2024,$45.62,24724920,$45.55,$45.685,$44.815
06/04/2024,$45.26,9505355,$45.32,$45.77,$45.04
06/03/2024,$45.74,15698540,$44.96,$45.96,$44.96
05/31/2024,$44.99,32674630,$43.21,$45.02,$43.00
05/30/2024,$43.41,9268652,$42.81,$43.48,$42.62
05/29/2024,$42.64,13262330,$42.62,$42.745,$42.27
05/28/2024,$43.09,13749200,$43.70,$43.77,$42.80
05/24/2024,$44.11,7373009,$44.07,$44.32,$43.865
05/23/2024,$43.73,10643660,$43.97,$44.055,$43.38
05/22/2024,$43.97,11874500,$44.60,$44.64,$43.73
05/21/2024,$44.92,9910972,$44.97,$45.18,$44.56
05/20/2024,$45.11,9070726,$45.75,$45.91,$45.07
05/17/2024,$45.76,11412800,$46.07,$46.08,$45.585
05/16/2024,$45.87,11335860,$45.38,$46.095,$45.374
05/15/2024,$45.49,11054700,$45.50,$45.64,$45.07
05/14/2024,$45.03,10894320,$45.50,$45.79,$44.75
05/13/2024,$45.17,13826400,$45.56,$45.98,$45.08
05/10/2024,$45.21,7917797,$45.58,$45.6299,$45.05
05/09/2024,$45.36,9349772,$44.98,$45.66,$44.80
05/08/2024,$45.05,7568502,$44.85,$45.395,$44.58
05/07/2024,$45.28,9135865,$45.19,$45.84,$45.165
05/06/2024,$45.06,10301580,$45.10,$45.54,$44.96
05/03/2024,$44.86,10046010,$45.03,$45.545,$44.505
05/02/2024,$44.67,13214850,$44.90,$45.15,$44.57
05/01/2024,$44.47,13987630,$44.50,$45.195,$44.38
04/30/2024,$44.53,15951300,$45.21,$45.42,$44.26
04/29/2024,$46.04,10577410,$46.00,$46.15,$45.54
04/26/2024,$45.84,12153280,$45.60,$46.165,$45.41
04/25/2024,$45.62,14912510,$44.67,$45.85,$44.49
04/24/2024,$45.08,15013880,$45.31,$45.31,$44.62
04/23/2024,$45.10,28767300,$45.89,$45.96,$44.37
04/22/2024,$43.21,21315080,$42.68,$43.56,$42.205
04/19/2024,$42.37,15514950,$42.51,$42.96,$42.185
04/18/2024,$42.44,14180460,$42.77,$42.835,$42.01
04/17/2024,$42.46,10663330,$42.91,$43.16,$42.2905
04/16/2024,$42.66,12384850,$42.49,$42.92,$42.13
04/15/2024,$42.69,13499590,$43.73,$43.98,$42.52
04/12/2024,$43.08,11903890,$43.50,$43.58,$42.645
04/11/2024,$43.84,19562960,$43.90,$43.99,$43.19
04/10/2024,$43.94,11636350,$43.90,$44.55,$43.51
04/09/2024,$44.73,8794803,$44.58,$44.865,$44.07
04/08/2024,$44.34,8250408,$44.43,$44.85,$44.2803
04/05/2024,$44.23,11210460,$43.72,$44.305,$43.46
04/04/2024,$43.68,16988630,$45.71,$46.04,$43.62
04/03/2024,$45.17,14377130,$44.67,$45.42,$44.64
04/02/2024,$44.89,13061880,$44.97,$45.26,$44.59
04/01/2024,$45.40,11008270,$45.13,$45.73,$44.98
03/28/2024,$45.35,14766380,$44.63,$45.535,$44.60
03/27/2024,$44.59,22172120,$44.06,$44.81,$44.05
03/26/2024,$44.00,15961250,$43.69,$44.57,$43.425
03/25/2024,$43.55,14644720,$43.06,$43.96,$43.06
03/22/2024,$43.06,9393825,$43.30,$43.655,$43.00
03/21/2024,$43.42,15268250,$42.92,$43.59,$42.84
03/20/2024,$42.85,16909340,$41.42,$42.89,$41.36
03/19/2024,$41.51,15936430,$40.92,$41.68,$40.72
03/18/2024,$40.82,16126580,$40.89,$40.925,$40.33
03/15/2024,$40.69,82751220,$39.27,$40.82,$39.27
03/14/2024,$39.38,18012940,$40.18,$40.34,$38.945
03/13/2024,$40.26,19081320,$39.46,$40.47,$39.34
03/12/2024,$39.21,19442480,$39.58,$39.62,$38.96
03/11/2024,$39.53,11659070,$39.28,$39.81,$39.22
03/08/2024,$39.50,12923870,$39.35,$40.145,$39.31
03/07/2024,$39.35,15428030,$40.17,$40.3199,$39.255
03/06/2024,$40.15,15511180,$40.65,$40.7388,$39.8303
03/05/2024,$40.65,18913470,$40.70,$40.885,$40.13
03/04/2024,$40.93,14703090,$41.00,$41.52,$40.76
03/01/2024,$40.99,13079610,$40.805,$41.80,$40.395
02/29/2024,$40.98,18005220,$40.77,$41.335,$40.635
02/28/2024,$40.63,15697520,$40.06,$41.08,$40.05
02/27/2024,$40.18,11507720,$40.23,$40.60,$39.85
02/26/2024,$39.79,16610220,$39.64,$40.73,$39.60
02/23/2024,$39.63,15194430,$39.36,$39.95,$39.32
02/22/2024,$39.34,11458140,$39.55,$39.80,$39.16
02/21/2024,$39.49,15987810,$38.96,$39.82,$38.96
02/20/2024,$39.01,16971320,$38.35,$39.17,$38.125
02/16/2024,$38.70,12396650,$38.80,$39.055,$38.62
02/15/2024,$38.99,15688590,$38.67,$39.51,$38.64
02/14/2024,$38.37,13278490,$38.58,$38.75,$38.05
02/13/2024,$38.31,18979040,$38.80,$38.94,$37.83
02/12/2024,$39.28,18113130,$38.54,$39.535,$38.51
02/09/2024,$38.56,13065970,$38.62,$38.975,$38.45
02/08/2024,$38.65,15864500,$38.84,$38.94,$38.42
02/07/2024,$38.72,19093750,$38.54,$39.12,$38.10
02/06/2024,$38.03,16288900,$37.60,$38.6699,$37.60
02/05/2024,$37.79,19722400,$38.53,$38.69,$37.68
02/02/2024,$38.91,19818290,$38.53,$39.19,$38.29
02/01/2024,$38.87,21343030,$39.18,$39.31,$38.53
01/31/2024,$38.80,34203080,$38.20,$39.75,$38.13
01/30/2024,$38.15,57982620,$38.352,$38.96,$37.40
01/29/2024,$35.39,24054760,$35.20,$35.61,$34.93
01/26/2024,$35.18,14190100,$35.16,$35.545,$35.04
01/25/2024,$35.16,21520320,$34.96,$35.26,$34.71
01/24/2024,$34.70,15483430,$35.29,$35.595,$34.56
01/23/2024,$35.23,16822830,$35.62,$35.76,$34.94
01/22/2024,$35.32,15127060,$35.55,$36.05,$35.28
01/19/2024,$35.51,17599020,$34.59,$35.66,$34.34
01/18/2024,$34.58,22571840,$35.30,$35.36,$34.32
01/17/2024,$35.01,15352760,$34.83,$35.21,$34.73
01/16/2024,$35.39,18287230,$34.73,$35.58,$34.62
01/12/2024,$35.26,16651460,$35.67,$36.12,$35.2033
01/11/2024,$35.86,14628240,$36.11,$36.2487,$35.61
01/10/2024,$36.31,16042620,$36.57,$36.62,$35.995
01/09/2024,$36.54,13892790,$36.35,$36.73,$36.19
01/08/2024,$36.70,13774770,$35.83,$36.85,$35.82
01/05/2024,$35.99,15019200,$35.51,$36.61,$35.44
01/04/2024,$35.49,20138040,$35.66,$35.9795,$35.28
01/03/2024,$35.27,20308760,$35.51,$35.62,$34.70
01/02/2024,$36.05,17501350,$35.64,$36.63,$35.44
12/29/2023,$35.92,14127710,$36.13,$36.46,$35.86
12/28/2023,$36.20,9719449,$36.00,$36.24,$35.91
12/27/2023,$36.08,11128540,$36.10,$36.26,$35.70
12/26/2023,$36.13,10733850,$36.02,$36.425,$36.02
12/22/2023,$36.02,15027610,$36.11,$36.62,$35.835
12/21/2023,$36.25,18421870,$35.83,$36.32,$35.69
12/20/2023,$35.47,16585370,$35.73,$36.40,$35.46
12/19/2023,$35.87,11875440,$35.51,$35.995,$35.37
12/18/2023,$35.44,18151800,$35.78,$36.155,$35.43
12/15/2023,$35.73,34158070,$36.30,$36.49,$35.615
12/14/2023,$36.25,35593060,$34.62,$36.315,$34.55
12/13/2023,$33.99,28807110,$33.30,$34.06,$32.825
12/12/2023,$33.42,22492060,$33.50,$33.91,$33.36
12/11/2023,$33.58,23314410,$33.50,$34.015,$33.44
12/08/2023,$33.75,20280230,$33.51,$34.32,$33.51
12/07/2023,$33.51,20158840,$32.98,$33.615,$32.81
12/06/2023,$32.91,21736180,$33.05,$33.67,$32.87
12/05/2023,$32.68,25717600,$32.96,$33.43,$32.66
12/04/2023,$33.07,29590140,$32.67,$33.44,$32.60
12/01/2023,$32.36,31661680,$31.52,$32.59,$31.52
11/30/2023,$31.60,45236470,$31.75,$32.27,$31.58
11/29/2023,$31.60,85193710,$31.87,$32.29,$31.42
11/28/2023,$28.89,18156720,$28.44,$28.995,$28.33
11/27/2023,$28.50,19878790,$28.02,$28.52,$27.935
11/24/2023,$28.18,6941407,$28.17,$28.5025,$28.12
11/22/2023,$28.10,11356790,$28.06,$28.35,$27.835
11/21/2023,$27.90,19693520,$28.25,$28.57,$27.70
11/20/2023,$28.52,19367750,$28.18,$28.77,$28.14
11/17/2023,$28.03,19924920,$27.86,$28.03,$27.53
11/16/2023,$27.48,16691960,$27.93,$28.19,$27.415
11/15/2023,$28.14,19628860,$28.07,$28.2299,$27.73
11/14/2023,$28.20,24219690,$27.45,$28.42,$27.41
11/13/2023,$26.90,16394290,$26.73,$27.11,$26.635
11/10/2023,$26.85,16951430,$26.71,$27.00,$26.30
11/09/2023,$26.65,16045870,$27.71,$27.71,$26.625
11/08/2023,$27.56,18282620,$28.34,$28.36,$27.52
11/07/2023,$28.41,18254080,$28.81,$28.95,$28.06
11/06/2023,$29.11,12409880,$29.77,$29.82,$28.99
11/03/2023,$29.77,17424150,$29.38,$30.06,$29.33
11/02/2023,$28.80,15531400,$28.44,$28.86,$28.16
11/01/2023,$28.00,17363990,$28.73,$28.80,$27.73
10/31/2023,$28.20,17507150,$27.50,$28.31,$27.34
10/30/2023,$27.36,23227260,$27.55,$27.72,$26.79
10/27/2023,$27.22,25825610,$28.49,$28.6299,$27.12
10/26/2023,$28.55,22788190,$29.81,$30.22,$28.43
10/25/2023,$29.01,24400380,$28.55,$29.14,$27.71
10/24/2023,$28.56,26058060,$28.39,$29.78,$28.01
10/23/2023,$29.22,17917710,$29.33,$29.90,$29.21
10/20/2023,$29.66,21643510,$29.88,$30.245,$29.45
10/19/2023,$29.33,18053820,$29.10,$29.96,$29.06
10/18/2023,$29.48,14318890,$29.84,$29.9899,$29.46
10/17/2023,$30.33,19812350,$29.80,$30.61,$29.78
10/16/2023,$30.06,14711490,$29.91,$30.18,$29.645
10/13/2023,$29.66,16720020,$30.00,$30.23,$29.54
10/12/2023,$30.32,11355490,$30.69,$30.70,$30.025
10/11/2023,$30.98,10673690,$31.73,$31.98,$30.775
10/10/2023,$31.48,11985690,$30.89,$31.66,$30.71
10/09/2023,$30.99,9111958,$30.49,$31.27,$30.33
10/06/2023,$30.90,22422220,$30.10,$31.36,$29.87
10/05/2023,$30.31,25255370,$30.78,$31.14,$29.72
10/04/2023,$31.04,13412230,$31.35,$31.50,$30.625
10/03/2023,$31.38,13060900,$32.05,$32.19,$31.31
10/02/2023,$32.47,10966090,$32.84,$33.06,$32.155
09/29/2023,$32.97,13587890,$33.31,$33.42,$32.76
09/28/2023,$33.16,12673840,$32.29,$33.40,$32.07
09/27/2023,$32.35,8339101,$32.41,$32.55,$31.97
09/26/2023,$32.26,8250752,$32.61,$33.01,$32.21
09/25/2023,$33.06,7283380,$32.38,$33.185,$32.265
09/22/2023,$32.58,14271990,$33.00,$33.575,$32.50
09/21/2023,$32.71,11342900,$32.91,$33.435,$32.69
09/20/2023,$33.20,10815010,$34.08,$34.13,$33.16
09/19/2023,$33.96,9548660,$33.45,$34.305,$33.35
09/18/2023,$33.34,10471550,$33.75,$33.95,$33.31
09/15/2023,$33.95,19709720,$33.54,$34.60,$33.42
09/14/2023,$33.66,11797250,$33.60,$33.8001,$33.035
09/13/2023,$33.66,14287400,$33.94,$34.295,$33.43
09/12/2023,$33.47,15578360,$32.76,$33.77,$32.76
09/11/2023,$32.62,11776960,$33.08,$33.27,$32.50
09/08/2023,$32.95,12122380,$32.60,$33.13,$32.54
09/07/2023,$32.57,12291810,$32.41,$32.615,$32.015
09/06/2023,$32.82,11731910,$33.05,$33.405,$32.53
09/05/2023,$33.28,9169640,$33.36,$33.48,$33.03
09/01/2023,$33.54,8804755,$33.59,$33.84,$33.26
08/31/2023,$33.51,10168390,$33.51,$34.035,$33.2924
08/30/2023,$33.39,7856506,$33.46,$33.70,$33.35
08/29/2023,$33.46,7511924,$33.22,$33.51,$33.08
08/28/2023,$33.12,7393485,$33.26,$33.45,$32.93
08/25/2023,$32.95,14298020,$33.07,$33.30,$32.05
08/24/2023,$32.88,7875615,$33.40,$33.58,$32.755
08/23/2023,$33.56,10262690,$32.84,$33.57,$32.76
08/22/2023,$32.93,8634597,$33.47,$33.48,$32.85
08/21/2023,$33.27,10766080,$33.25,$33.41,$32.975
08/18/2023,$33.12,11779940,$32.58,$33.20,$32.5737
08/17/2023,$32.92,11476100,$33.07,$33.33,$32.76
08/16/2023,$32.82,15254580,$33.15,$33.2845,$32.705
08/15/2023,$33.30,13365840,$33.60,$33.78,$33.22
08/14/2023,$34.07,15853800,$33.45,$34.205,$33.42
08/11/2023,$33.89,20519850,$34.03,$34.17,$33.42
08/10/2023,$34.16,25601480,$36.30,$36.36,$34.00
08/09/2023,$36.26,8254516,$36.50,$36.805,$36.21
08/08/2023,$36.84,10281730,$36.28,$36.875,$36.10
08/07/2023,$37.09,9910696,$36.83,$37.10,$36.36
08/04/2023,$36.57,12408890,$36.85,$37.09,$36.37
08/03/2023,$36.92,14760630,$37.19,$37.19,$36.63
08/02/2023,$37.39,15524080,$37.63,$37.83,$37.26
08/01/2023,$38.12,10236210,$38.04,$38.36,$37.90
07/31/2023,$38.37,12142370,$38.15,$38.37,$37.80
07/28/2023,$38.05,17483140,$38.75,$38.98,$37.735
07/27/2023,$38.97,17589280,$38.73,$39.445,$38.53
07/26/2023,$38.29,15673470,$37.96,$38.4474,$37.64
07/25/2023,$37.92,30599150,$37.73,$38.78,$37.11
07/24/2023,$39.30,18209180,$38.87,$39.48,$38.76
07/21/2023,$38.55,13621880,$39.64,$39.67,$38.34
07/20/2023,$39.26,10626410,$38.97,$39.325,$38.715
07/19/2023,$39.23,12775320,$39.30,$39.58,$39.16
07/18/2023,$39.13,13306940,$38.74,$39.19,$38.55
07/17/2023,$38.75,16142980,$39.48,$39.54,$38.51
07/14/2023,$40.00,11047650,$40.61,$40.70,$39.935
07/13/2023,$40.50,12446370,$40.72,$41.04,$40.41
07/12/2023,$40.41,14534200,$40.84,$40.97,$40.38
07/11/2023,$39.97,11399550,$39.57,$40.10,$39.155
07/10/2023,$39.64,10507330,$39.58,$39.75,$39.19
07/07/2023,$39.61,10608470,$39.54,$39.98,$39.315
07/06/2023,$39.46,13111860,$38.92,$39.47,$38.60
07/05/2023,$39.42,12119180,$39.10,$39.54,$38.91
07/03/2023,$38.96,5578339,$38.74,$39.14,$38.63
06/30/2023,$38.56,11613690,$38.31,$38.86,$38.002
06/29/2023,$38.20,10460350,$38.33,$38.62,$38.00
06/28/2023,$38.19,12882140,$37.50,$38.21,$37.41
06/27/2023,$37.48,9125220,$37.01,$37.515,$36.45
06/26/2023,$36.70,11904880,$36.03,$36.99,$36.03
06/23/2023,$36.18,10201820,$35.93,$36.44,$35.80
06/22/2023,$36.66,8618380,$36.78,$36.955,$36.36
06/21/2023,$37.01,9085812,$37.31,$37.31,$36.88
06/20/2023,$37.32,14381930,$37.70,$37.84,$36.915
06/16/2023,$37.96,14523170,$38.12,$38.25,$37.65
06/15/2023,$38.03,15692520,$37.19,$38.26,$37.18
06/14/2023,$37.36,14879210,$37.84,$37.9676,$37.04
06/13/2023,$37.65,16449940,$36.96,$37.84,$36.96
06/12/2023,$36.67,14903480,$36.27,$37.02,$36.26
06/09/2023,$36.23,24318870,$37.49,$38.1653,$36.225
06/08/2023,$35.85,16196090,$36.20,$36.4427,$35.68
06/07/2023,$36.22,23167170,$35.39,$36.46,$35.225
06/06/2023,$35.24,15596900,$34.00,$35.38,$33.98
06/05/2023,$34.13,9037015,$34.45,$34.375,$33.66
06/02/2023,$34.28,15316570,$33.66,$34.48,$33.47
06/01/2023,$33.02,12466750,$32.49,$33.30,$32.135
05/31/2023,$32.41,17934200,$32.95,$33.045,$31.86
05/30/2023,$33.36,12671700,$33.70,$34.275,$33.315
05/26/2023,$33.29,13656810,$32.62,$33.49,$32.3501
05/25/2023,$32.41,10492690,$32.16,$32.635,$32.13
05/24/2023,$32.28,13357550,$33.00,$33.04,$32.01
05/23/2023,$33.42,17717950,$33.00,$33.835,$32.94
05/22/2023,$32.86,8866444,$32.71,$32.93,$32.39
05/19/2023,$32.66,12603860,$33.12,$33.17,$32.495
05/18/2023,$32.90,14241000,$32.28,$32.955,$32.25
05/17/2023,$32.44,11269490,$31.81,$32.59,$31.635
05/16/2023,$31.54,11069640,$32.06,$32.24,$31.50
05/15/2023,$32.37,18841110,$32.39,$32.47,$32.12
05/12/2023,$32.40,13035450,$33.25,$33.285,$32.13
05/11/2023,$33.12,12319460,$32.85,$33.285,$32.845
05/10/2023,$33.08,15418390,$33.87,$33.97,$32.605
05/09/2023,$33.28,11841910,$33.32,$33.57,$33.06
05/08/2023,$33.66,11267410,$33.39,$33.74,$33.13
05/05/2023,$33.26,17191050,$32.32,$33.395,$32.21
05/04/2023,$31.69,14807410,$32.30,$32.67,$31.56
05/03/2023,$32.48,13494380,$32.76,$33.39,$32.37
05/02/2023,$33.08,14527640,$33.20,$33.41,$32.51
05/01/2023,$33.48,16892300,$34.00,$34.2796,$33.435
04/28/2023,$33.04,15510700,$32.42,$33.30,$32.41
04/27/2023,$32.72,19730070,$32.36,$32.82,$31.835
04/26/2023,$32.22,18780860,$32.90,$33.12,$32.08
04/25/2023,$32.91,34044430,$33.99,$34.08,$32.68
04/24/2023,$34.29,16836770,$33.77,$34.40,$33.56
04/21/2023,$33.55,12358740,$33.53,$33.77,$32.97
04/20/2023,$33.54,15294820,$33.28,$33.73,$32.84
04/19/2023,$34.58,11002270,$34.87,$34.88,$34.22
04/18/2023,$35.33,9444629,$35.45,$35.57,$35.07
04/17/2023,$35.14,10248860,$34.38,$35.15,$34.33
04/14/2023,$34.49,9162851,$34.75,$35.29,$34.25
04/13/2023,$34.53,16066190,$34.56,$34.69,$33.72
04/12/2023,$34.62,12027410,$35.99,$36.06,$34.525
04/11/2023,$35.41,16410480,$35.88,$35.965,$35.34
04/10/2023,$35.73,11530440,$34.35,$35.74,$34.26
04/06/2023,$34.59,10068150,$35.00,$35.09,$34.47
04/05/2023,$35.09,10949440,$35.27,$35.38,$34.40
04/04/2023,$35.74,11279950,$36.51,$36.54,$35.29
04/03/2023,$36.27,10887920,$36.38,$36.815,$35.995
03/31/2023,$36.68,10872660,$36.27,$36.72,$36.13
03/30/2023,$35.99,9300180,$36.25,$36.48,$35.865
03/29/2023,$35.70,13290050,$34.89,$35.73,$34.71
03/28/2023,$34.22,12214220,$34.46,$34.65,$34.05
03/27/2023,$34.45,11318410,$34.32,$34.54,$33.7524
03/24/2023,$33.71,11914350,$33.46,$33.78,$32.985
03/23/2023,$33.74,12585430,$34.37,$34.7603,$33.175
03/22/2023,$34.05,12929700,$35.13,$35.32,$34.03
03/21/2023,$35.10,13685140,$34.63,$35.32,$34.46
03/20/2023,$33.62,14938790,$33.45,$34.25,$33.2674
03/17/2023,$33.38,27743510,$34.28,$34.28,$33.12
03/16/2023,$34.61,23888080,$33.85,$34.92,$33.76
03/15/2023,$34.33,17992060,$34.61,$34.62,$33.63
03/14/2023,$35.60,18938240,$36.46,$36.67,$35.075
03/13/2023,$35.76,21584240,$35.62,$36.31,$34.86
03/10/2023,$36.52,14139400,$37.70,$37.775,$36.26
03/09/2023,$37.82,15604070,$39.52,$39.70,$37.76
03/08/2023,$39.76,10674830,$39.70,$40.02,$39.37
03/07/2023,$39.74,12126940,$40.22,$40.43,$39.62
03/06/2023,$40.45,9809967,$41.02,$41.19,$40.2519
03/03/2023,$41.01,13429740,$40.39,$41.35,$40.25
03/02/2023,$39.53,12914270,$38.405,$39.56,$38.12
03/01/2023,$38.72,14164840,$38.68,$39.33,$38.64
02/28/2023,$38.74,17166700,$39.21,$39.245,$38.495
02/27/2023,$39.31,17310620,$39.53,$40.01,$39.14
02/24/2023,$39.18,12929630,$38.91,$39.32,$38.46
02/23/2023,$39.25,19930730,$41.05,$41.26,$38.87
02/22/2023,$40.89,9870027,$41.23,$41.47,$40.63
02/21/2023,$41.13,12320060,$42.43,$43.08,$41.09
02/17/2023,$43.17,13034090,$43.00,$43.17,$42.19
02/16/2023,$43.10,14549570,$42.39,$43.63,$42.225
02/15/2023,$42.95,11660850,$42.14,$42.98,$42.05
02/14/2023,$42.43,13012390,$41.70,$42.73,$41.69
02/13/2023,$42.02,12854770,$40.73,$42.08,$40.7209
02/10/2023,$41.35,11447450,$41.24,$41.625,$40.96
02/09/2023,$41.63,20848920,$42.09,$42.985,$41.49
02/08/2023,$41.57,12318530,$41.08,$42.10,$40.9837
02/07/2023,$41.40,11542460,$41.26,$41.775,$40.74
02/06/2023,$41.34,14285740,$40.90,$41.61,$40.765
02/03/2023,$41.13,18566710,$40.65,$41.985,$40.31
02/02/2023,$41.50,28757040,$40.28,$42.05,$39.92
02/01/2023,$39.30,25569530,$39.45,$39.84,$38.56
01/31/2023,$39.32,47396260,$38.93,$39.7299,$38.33
01/30/2023,$36.29,23596770,$36.75,$37.275,$36.22
01/27/2023,$37.95,21995380,$36.58,$38.24,$36.44
01/26/2023,$36.48,19558990,$36.99,$37.18,$36.23
01/25/2023,$36.32,13715600,$35.99,$36.55,$35.38
01/24/2023,$36.20,12072100,$36.00,$36.66,$35.82
01/23/2023,$36.44,17001890,$35.685,$36.595,$35.5275
01/20/2023,$35.35,17187160,$35.68,$36.01,$35.285
01/19/2023,$35.73,11403620,$35.65,$36.02,$35.13
01/18/2023,$36.44,11322680,$37.06,$37.53,$36.425
01/17/2023,$36.61,13916050,$36.50,$37.14,$36.21
01/13/2023,$36.51,21242760,$36.48,$36.73,$35.805
01/12/2023,$38.33,15318470,$38.14,$38.61,$37.83
01/11/2023,$37.82,15190330,$37.35,$38.11,$37.15
01/10/2023,$37.11,10280420,$36.14,$37.14,$35.895
01/09/2023,$35.92,11617950,$36.53,$36.84,$35.845
01/06/2023,$35.91,9783503,$34.69,$36.005,$34.55
01/05/2023,$35.00,11932040,$34.20,$35.435,$34.12
01/04/2023,$34.69,11326260,$34.29,$34.945,$34.09
01/03/2023,$33.82,11793320,$34.015,$34.34,$33.395
12/30/2022,$33.64,11807420,$33.33,$33.755,$33.23
12/29/2022,$33.67,11634860,$32.82,$33.675,$32.82
12/28/2022,$32.53,9550913,$33.32,$33.50,$32.515
12/27/2022,$33.32,9984440,$33.52,$33.75,$33.02
12/23/2022,$33.83,10619120,$33.68,$33.88,$33.18
12/22/2022,$33.53,20229780,$35.17,$35.18,$33.28
12/21/2022,$35.90,9959851,$35.72,$36.035,$35.47
12/20/2022,$35.20,10934300,$35.26,$35.585,$34.78
12/19/2022,$35.42,12247970,$36.28,$36.40,$35.36
12/16/2022,$36.15,27530540,$37.03,$37.20,$35.87
12/15/2022,$37.62,11295140,$37.79,$37.803,$37.19
12/14/2022,$38.36,11964570,$38.74,$39.09,$37.9601
12/13/2022,$38.77,12154530,$39.66,$40.01,$38.53
12/12/2022,$38.49,13873190,$38.32,$38.67,$38.0155
12/09/2022,$38.28,8865477,$37.85,$38.555,$37.78
12/08/2022,$38.20,8622465,$38.07,$38.26,$37.60
12/07/2022,$37.96,11613840,$37.665,$38.33,$37.56
12/06/2022,$38.02,12775520,$38.93,$39.09,$37.35
12/05/2022,$38.79,7633233,$39.47,$39.62,$38.685
12/02/2022,$39.90,9224083,$39.86,$40.14,$39.55
12/01/2022,$40.43,12335120,$40.77,$41.38,$40.415
11/30/2022,$40.56,14805940,$39.98,$40.56,$39.23
11/29/2022,$39.75,10582420,$39.62,$40.04,$39.54
11/28/2022,$39.38,19397850,$39.92,$40.37,$39.305
11/25/2022,$40.46,4615339,$39.81,$40.47,$39.81
11/23/2022,$40.11,9097035,$39.85,$40.1999,$39.57
11/22/2022,$39.97,8394359,$39.89,$40.27,$39.625
11/21/2022,$39.52,12281890,$39.44,$39.72,$39.00
11/18/2022,$39.77,22849200,$39.50,$39.99,$39.04
11/17/2022,$38.64,26006890,$38.03,$39.60,$37.4737
11/16/2022,$38.47,12032460,$39.75,$39.86,$38.47
11/15/2022,$40.24,12389970,$40.70,$41.37,$40.01
11/14/2022,$39.93,14968930,$41.01,$41.19,$39.925
11/11/2022,$41.12,13035210,$39.86,$41.575,$39.82
11/10/2022,$39.74,20197610,$39.15,$40.595,$38.86
11/09/2022,$38.06,10526170,$38.55,$38.87,$38.03
11/08/2022,$39.05,10946430,$39.47,$39.51,$38.51
11/07/2022,$39.39,11526870,$39.36,$39.47,$38.69
11/04/2022,$39.00,15089650,$39.39,$39.74,$38.46
11/03/2022,$38.51,12128580,$37.78,$38.745,$37.65
11/02/2022,$38.52,13331330,$39.22,$40.07,$38.46
11/01/2022,$39.35,10840620,$39.92,$40.10,$38.8501
10/31/2022,$39.25,13957690,$38.55,$39.655,$38.36
10/28/2022,$38.85,10459790,$38.20,$38.875,$38.09
10/27/2022,$38.16,13842620,$38.04,$38.64,$37.405
10/26/2022,$37.86,19645070,$37.36,$38.27,$37.18
10/25/2022,$37.01,25537480,$36.45,$37.48,$35.83
10/24/2022,$35.72,18575070,$34.91,$35.88,$34.46
10/21/2022,$35.00,14094680,$33.50,$35.01,$33.32
10/20/2022,$33.44,13579840,$33.74,$34.15,$33.14
10/19/2022,$33.63,10311290,$33.79,$34.19,$33.30
10/18/2022,$34.25,11144670,$34.78,$34.90,$33.98
10/17/2022,$33.57,10960480,$33.70,$33.95,$33.0601
10/14/2022,$32.89,11998870,$33.07,$33.22,$32.45
10/13/2022,$32.76,17199840,$31.29,$32.97,$31.27
10/12/2022,$32.20,10810590,$32.12,$32.5256,$31.60
10/11/2022,$32.09,16763870,$32.01,$32.87,$31.28
10/10/2022,$32.29,22996080,$32.38,$32.615,$31.105
10/07/2022,$33.62,11193910,$34.06,$34.258,$33.395
10/06/2022,$34.63,11435830,$34.58,$35.17,$34.38
10/05/2022,$34.84,18679450,$34.38,$35.015,$33.81
10/04/2022,$35.80,19811650,$34.20,$35.80,$33.92
10/03/2022,$32.87,14697330,$32.46,$33.29,$31.6112
09/30/2022,$32.09,16159900,$32.93,$33.21,$32.05
09/29/2022,$33.26,14825110,$34.01,$34.38,$32.82
09/28/2022,$35.25,12046150,$34.75,$35.50,$34.36
09/27/2022,$34.71,13541690,$35.55,$35.68,$34.07
09/26/2022,$35.04,16777720,$35.10,$36.05,$34.67
09/23/2022,$35.48,17888940,$36.47,$36.72,$34.835
09/22/2022,$37.38,13519720,$37.81,$38.04,$37.19
09/21/2022,$37.68,20455620,$39.16,$39.69,$37.665
09/20/2022,$39.06,25401520,$40.23,$40.60,$38.90
09/19/2022,$41.39,13267710,$39.50,$41.44,$39.43
09/16/2022,$39.97,20899630,$40.06,$40.57,$39.71
09/15/2022,$40.66,15193900,$40.57,$42.13,$40.54
09/14/2022,$40.62,15239180,$40.74,$40.85,$39.745
09/13/2022,$40.53,14841580,$40.60,$41.42,$40.35
09/12/2022,$42.05,16332890,$41.66,$42.36,$41.405
09/09/2022,$41.29,12914820,$40.75,$41.54,$40.70
09/08/2022,$40.50,15754670,$39.45,$40.675,$39.345
09/07/2022,$40.11,15832390,$38.52,$40.17,$38.40
09/06/2022,$38.71,19717260,$38.81,$39.4709,$38.405
09/02/2022,$38.47,10860510,$39.32,$39.525,$38.325
09/01/2022,$38.56,11370760,$37.81,$38.60,$37.51
08/31/2022,$38.21,15390290,$39.20,$39.23,$38.12
08/30/2022,$39.13,15090640,$39.76,$39.88,$38.575
08/29/2022,$39.51,13408930,$38.77,$39.975,$38.701
08/26/2022,$39.23,16179530,$40.75,$41.09,$39.22
08/25/2022,$40.39,15211950,$39.36,$40.78,$39.34
08/24/2022,$39.25,12710330,$38.61,$39.73,$38.32
08/23/2022,$38.56,15394410,$38.96,$39.41,$38.42
08/22/2022,$38.55,20921420,$38.24,$38.82,$37.92
08/19/2022,$39.70,23306510,$39.24,$40.28,$39.09
08/18/2022,$38.72,7004115,$38.33,$38.90,$38.06
08/17/2022,$38.40,10656730,$38.19,$38.685,$37.65
08/16/2022,$38.99,13944370,$38.95,$39.605,$38.72
08/15/2022,$39.40,9626385,$38.88,$39.69,$38.81
08/12/2022,$39.48,8905309,$38.83,$39.505,$38.48
08/11/2022,$38.46,10221440,$38.69,$39.04,$38.18
08/10/2022,$37.95,10663260,$37.69,$38.48,$37.495
08/09/2022,$36.62,12752210,$37.27,$37.35,$36.22
08/08/2022,$37.56,17405180,$36.62,$38.18,$36.46
08/05/2022,$36.06,10878630,$35.92,$36.285,$35.59
08/04/2022,$36.23,16882140,$37.02,$37.16,$36.07
08/03/2022,$37.31,16047710,$36.79,$38.19,$36.75
08/02/2022,$36.13,13124010,$36.32,$36.96,$36.11
08/01/2022,$36.77,12224250,$36.06,$36.98,$35.605
07/29/2022,$36.26,14375910,$35.75,$36.44,$35.39
07/28/2022,$35.74,11802120,$35.005,$35.75,$34.60
07/27/2022,$34.68,12292820,$34.02,$34.80,$33.63
07/26/2022,$33.34,14533030,$34.035,$34.08,$33.04
07/25/2022,$34.52,14782740,$34.86,$35.05,$34.13
07/22/2022,$34.67,13616670,$35.17,$35.20,$34.29
07/21/2022,$35.13,10857420,$34.76,$35.13,$34.36
07/20/2022,$34.76,10110570,$34.18,$35.015,$34.05
07/19/2022,$34.40,13186330,$33.35,$34.6264,$33.275
07/18/2022,$32.62,12679250,$33.30,$33.59,$32.48
07/15/2022,$32.87,12982920,$32.25,$32.925,$31.71
07/14/2022,$31.59,14450410,$31.15,$31.65,$30.67
07/13/2022,$31.72,16196710,$30.85,$31.845,$30.36
07/12/2022,$31.53,19773390,$30.92,$32.06,$30.80
07/11/2022,$30.87,17132510,$31.91,$32.20,$30.79
07/08/2022,$32.31,11765250,$32.69,$33.13,$32.25
07/07/2022,$32.66,14022900,$32.00,$32.845,$31.95
07/06/2022,$31.27,17101060,$32.05,$32.49,$30.935
07/05/2022,$32.37,19650730,$31.11,$32.43,$30.33
07/01/2022,$32.19,21175040,$31.28,$32.88,$31.26
06/30/2022,$31.76,20144800,$32.59,$32.735,$31.4075
06/29/2022,$33.45,11426740,$33.80,$33.87,$32.66
06/28/2022,$33.99,15199460,$35.19,$36.1277,$33.95
06/27/2022,$34.63,10443080,$34.99,$35.32,$34.34
06/24/2022,$34.82,18401620,$33.11,$35.00,$33.06
06/23/2022,$32.99,14410140,$32.92,$33.345,$32.23
06/22/2022,$32.83,14976780,$32.19,$33.51,$32.03
06/21/2022,$32.64,16627600,$32.825,$33.10,$31.89
06/17/2022,$31.88,23649700,$31.45,$32.39,$30.65
06/16/2022,$31.42,22783240,$32.85,$32.85,$30.92
06/15/2022,$34.18,19116000,$33.36,$34.60,$33.35
06/14/2022,$33.20,17891010,$32.67,$33.59,$32.47
06/13/2022,$32.28,23202030,$33.86,$34.08,$32.15
06/10/2022,$35.01,15881110,$35.73,$36.37,$35.00
06/09/2022,$36.65,9311246,$37.48,$37.68,$36.63
06/08/2022,$37.69,10210290,$38.34,$38.77,$37.63
06/07/2022,$38.37,14517590,$37.22,$38.46,$36.82
06/06/2022,$37.83,11028980,$38.35,$38.43,$37.51
06/03/2022,$37.61,11670550,$38.09,$38.29,$37.48
06/02/2022,$38.87,10735470,$38.40,$39.25,$38.36
06/01/2022,$38.27,12190760,$39.01,$39.64,$37.895
05/31/2022,$38.68,19857920,$38.61,$38.95,$37.955
05/27/2022,$38.57,15684120,$37.80,$38.59,$37.36
05/26/2022,$37.42,14568400,$36.38,$37.76,$36.38
05/25/2022,$35.98,15409470,$34.90,$36.35,$34.90
05/24/2022,$35.21,16716970,$35.53,$35.57,$34.3099
05/23/2022,$36.00,19959790,$35.93,$36.6099,$35.09
05/20/2022,$35.40,24408030,$37.01,$37.08,$34.385
05/19/2022,$36.12,15545130,$35.38,$36.65,$35.15
05/18/2022,$35.83,19255670,$37.50,$37.77,$35.59
05/17/2022,$38.10,15505720,$38.03,$38.5499,$37.345
05/16/2022,$37.10,16512220,$38.01,$38.04,$36.76
05/13/2022,$38.21,22997290,$36.18,$38.49,$36.07
05/12/2022,$35.56,43172230,$35.46,$36.20,$34.58
05/11/2022,$37.27,18050840,$38.78,$39.44,$37.17
05/10/2022,$38.70,20206370,$39.39,$39.49,$37.52
05/09/2022,$38.26,18508830,$38.98,$40.22,$38.075
05/06/2022,$39.58,14684860,$39.79,$40.119,$38.80
05/05/2022,$39.95,15317120,$40.32,$40.75,$39.35
05/04/2022,$41.17,15813740,$39.60,$41.24,$39.30
05/03/2022,$39.94,19132730,$39.32,$40.27,$38.817
05/02/2022,$38.45,16119940,$37.67,$38.49,$37.25
04/29/2022,$37.91,16737830,$38.81,$39.42,$37.78
04/28/2022,$38.75,22795590,$39.35,$39.61,$37.31
04/27/2022,$38.66,19827660,$38.29,$39.52,$37.70
04/26/2022,$38.04,21679500,$39.22,$39.45,$37.885
04/25/2022,$39.82,18704420,$39.35,$39.99,$38.67
04/22/2022,$39.84,17718400,$40.46,$40.74,$39.78
04/21/2022,$40.71,12544020,$42.76,$43.00,$40.56
04/20/2022,$41.72,12989810,$42.25,$43.24,$41.69
04/19/2022,$42.08,13852800,$40.81,$42.19,$40.81
04/18/2022,$40.63,11797950,$40.13,$40.93,$39.95
04/14/2022,$40.13,13315700,$40.15,$40.78,$40.09
04/13/2022,$40.22,10897570,$39.62,$40.45,$39.545
04/12/2022,$40.04,17212780,$40.61,$40.78,$39.64
04/11/2022,$40.33,25015250,$38.81,$41.3355,$38.69
04/08/2022,$39.35,22086840,$38.35,$40.05,$38.1689
04/07/2022,$38.72,28297580,$39.29,$39.53,$37.60
04/06/2022,$39.50,29254870,$40.79,$41.33,$39.48
04/05/2022,$41.42,19853870,$42.96,$43.1599,$41.32
04/04/2022,$43.18,12598540,$43.27,$43.42,$42.53
04/01/2022,$42.96,16791460,$44.16,$44.45,$42.41
03/31/2022,$43.74,17335040,$44.84,$44.90,$43.74
03/30/2022,$45.22,12818820,$45.64,$46.03,$45.04
03/29/2022,$46.26,16784110,$45.41,$46.74,$45.24
03/28/2022,$44.22,12175190,$43.90,$44.25,$43.28
03/25/2022,$43.65,10361180,$44.275,$44.31,$43.395
03/24/2022,$44.35,11106220,$44.05,$44.86,$43.95
03/23/2022,$43.78,15142280,$44.00,$44.52,$43.77
03/22/2022,$44.56,14703040,$44.24,$45.27,$44.09
03/21/2022,$43.61,17903890,$44.28,$44.67,$43.22
03/18/2022,$44.82,19834430,$43.23,$45.04,$43.13
03/17/2022,$43.66,13909000,$42.92,$43.83,$42.60
03/16/2022,$43.85,17014500,$43.00,$44.17,$42.37
03/15/2022,$42.13,16051030,$40.83,$42.25,$40.80
03/14/2022,$40.83,18913970,$41.74,$42.43,$40.37
03/11/2022,$41.51,13617910,$42.08,$42.3399,$41.48
03/10/2022,$41.85,17991220,$41.405,$42.23,$40.855
03/09/2022,$42.28,21309050,$42.26,$42.86,$41.80
03/08/2022,$40.20,24145080,$40.84,$42.31,$39.955
03/07/2022,$39.83,25949910,$42.29,$42.44,$39.75
03/04/2022,$42.40,26543550,$44.03,$44.16,$41.99
03/03/2022,$44.90,18956330,$46.21,$46.74,$44.605
03/02/2022,$46.32,19006430,$44.68,$46.60,$44.56
03/01/2022,$44.52,21534170,$46.02,$46.1597,$44.155
02/28/2022,$46.72,18226740,$46.24,$47.12,$45.84
02/25/2022,$47.43,13465060,$46.35,$47.475,$45.85
02/24/2022,$46.35,21003680,$44.15,$46.405,$43.91
02/23/2022,$46.38,13667730,$47.26,$48.295,$46.26
02/22/2022,$46.77,19620270,$47.78,$47.94,$46.155
02/18/2022,$48.60,16615900,$48.92,$49.21,$47.92
02/17/2022,$48.82,13482820,$49.81,$49.8494,$48.66
02/16/2022,$50.43,13865520,$49.43,$50.565,$49.26
02/15/2022,$49.67,15242460,$49.36,$49.91,$48.93
02/14/2022,$48.40,17549830,$48.87,$49.19,$48.00
02/11/2022,$48.83,20183820,$50.64,$50.97,$48.5405
02/10/2022,$50.34,17017570,$49.73,$51.785,$49.60
02/09/2022,$50.72,24290770,$50.31,$51.68,$50.16
02/08/2022,$49.46,38629680,$48.74,$49.88,$47.58
02/07/2022,$50.71,18046540,$51.49,$52.00,$50.52
02/04/2022,$51.29,22794900,$51.62,$51.85,$50.515
02/03/2022,$53.11,23751830,$52.60,$54.42,$52.55
02/02/2022,$53.50,34371690,$54.92,$55.55,$51.68
02/01/2022,$54.07,23169550,$52.85,$54.24,$52.12
01/31/2022,$52.73,20255200,$50.50,$52.75,$49.97
01/28/2022,$50.24,26732580,$51.25,$51.25,$49.24
01/27/2022,$51.45,21357410,$52.845,$53.35,$51.0699
01/26/2022,$52.35,23174310,$53.57,$53.99,$51.47
01/25/2022,$51.90,22164490,$51.60,$52.5133,$50.82
01/24/2022,$52.64,32997070,$51.40,$52.66,$49.365
01/21/2022,$53.28,25692830,$54.52,$54.70,$52.6857
01/20/2022,$54.65,21554100,$56.02,$57.3256,$54.415
01/19/2022,$56.24,20576030,$59.31,$59.8399,$56.125
01/18/2022,$58.79,18317580,$60.13,$60.35,$58.54
01/14/2022,$61.10,16180300,$61.10,$61.765,$59.99
01/13/2022,$61.77,19282960,$61.45,$63.38,$61.15
01/12/2022,$61.03,20214960,$62.47,$62.72,$59.635
01/11/2022,$61.46,16463830,$61.25,$61.555,$60.1501
01/10/2022,$61.07,18980400,$61.52,$62.00,$60.035
01/07/2022,$62.27,17136110,$63.81,$63.91,$61.42
01/06/2022,$62.87,20650940,$63.165,$63.50,$61.67
01/05/2022,$62.74,43578700,$65.52,$67.21,$62.60
01/04/2022,$65.74,44691260,$61.955,$65.98,$61.955
01/03/2022,$61.17,21002090,$59.87,$61.57,$59.74
12/31/2021,$58.63,9856338,$58.00,$59.05,$57.92
12/30/2021,$58.13,11965920,$57.45,$58.78,$57.26
12/29/2021,$57.23,7982315,$57.11,$57.70,$56.74
12/28/2021,$57.11,8583973,$57.40,$58.12,$57.01
12/27/2021,$57.43,9085790,$56.89,$57.75,$56.53
12/23/2021,$56.91,13722300,$56.07,$57.0946,$55.77
12/22/2021,$56.08,16693960,$54.79,$56.345,$54.75
12/21/2021,$54.79,15571260,$54.50,$54.90,$53.84
12/20/2021,$54.04,19073870,$54.02,$54.54,$53.14
12/17/2021,$55.16,42236470,$56.20,$56.39,$54.51
12/16/2021,$58.39,17772240,$59.40,$60.62,$58.025
12/15/2021,$58.61,14471570,$58.30,$58.89,$57.035
12/14/2021,$58.40,17928740,$57.97,$59.20,$57.7003
12/13/2021,$59.13,27327010,$62.07,$62.18,$59.02
12/10/2021,$63.21,22839820,$60.10,$63.285,$60.10
12/09/2021,$59.62,12964760,$60.38,$60.63,$59.59
12/08/2021,$60.78,10004100,$61.65,$61.81,$60.4188
12/07/2021,$61.53,14135730,$60.91,$62.38,$60.70
12/06/2021,$59.84,16728220,$60.47,$60.73,$58.70
12/03/2021,$59.71,19596050,$61.235,$61.69,$58.87
12/02/2021,$61.02,25365110,$58.75,$61.30,$58.70
12/01/2021,$58.06,26371660,$59.25,$60.59,$58.01
11/30/2021,$57.87,21282190,$59.20,$59.84,$57.44
11/29/2021,$59.86,15033080,$61.11,$61.54,$59.65
11/26/2021,$60.17,13272570,$59.80,$60.57,$59.46
11/24/2021,$62.19,12685010,$62.30,$62.60,$61.63
11/23/2021,$63.05,16231230,$63.73,$64.04,$62.26
11/22/2021,$64.06,19844300,$61.95,$64.955,$61.76
11/19/2021,$61.80,19520640,$62.48,$62.9699,$61.56
11/18/2021,$62.33,23308100,$64.33,$65.18,$62.09
11/17/2021,$64.61,29983380,$63.33,$65.07,$62.375
11/16/2021,$62.61,16114990,$63.24,$63.28,$61.93
11/15/2021,$62.97,14372130,$63.655,$63.73,$62.625
11/12/2021,$63.40,31152380,$61.59,$64.03,$61.28
11/11/2021,$61.82,29033880,$59.82,$62.15,$59.3065
11/10/2021,$59.27,22778550,$57.85,$60.555,$57.73
11/09/2021,$58.62,13822870,$59.81,$59.93,$57.81
11/08/2021,$59.60,14385450,$58.76,$60.33,$58.48
11/05/2021,$58.52,16302210,$59.15,$59.35,$58.05
11/04/2021,$58.64,24026100,$56.47,$58.77,$56.27
11/03/2021,$56.00,14419370,$55.26,$56.17,$55.09
11/02/2021,$55.59,16377490,$55.03,$55.975,$54.68
11/01/2021,$55.49,15677570,$54.85,$55.74,$54.42
10/29/2021,$54.43,16680740,$53.90,$55.04,$53.612
10/28/2021,$54.24,23020300,$54.60,$55.58,$54.06
10/27/2021,$54.26,36397560,$55.60,$55.76,$54.155
10/26/2021,$57.37,16335760,$58.02,$58.295,$56.96
10/25/2021,$57.76,14151030,$58.05,$58.31,$56.84
10/22/2021,$57.77,11077610,$58.37,$58.70,$57.64
10/21/2021,$58.41,11585400,$58.00,$58.67,$57.73
10/20/2021,$57.67,13399850,$56.36,$58.24,$56.22
10/19/2021,$56.85,10589020,$57.00,$57.06,$56.53
10/18/2021,$56.89,12667900,$57.41,$57.58,$56.845
10/15/2021,$58.00,12914590,$58.34,$58.7146,$57.85
10/14/2021,$57.69,11457550,$58.10,$58.29,$57.45
10/13/2021,$57.77,18813800,$58.94,$58.94,$57.08
10/12/2021,$58.96,17094970,$58.52,$59.33,$57.86
10/11/2021,$58.09,17665710,$58.79,$59.345,$57.77
10/08/2021,$58.57,33724940,$56.54,$59.21,$56.3811
10/07/2021,$56.44,31005970,$54.85,$56.74,$54.435
10/06/2021,$53.93,29520790,$54.49,$55.50,$53.15
10/05/2021,$54.34,18201520,$54.19,$54.735,$53.6488
10/04/2021,$53.98,29206680,$54.90,$55.64,$53.68
10/01/2021,$53.13,16660420,$53.03,$53.38,$52.25
09/30/2021,$52.71,16328190,$52.93,$53.20,$52.18
09/29/2021,$52.93,10881060,$53.30,$53.36,$52.53
09/28/2021,$52.85,16422910,$53.77,$54.21,$52.70
09/27/2021,$53.24,13861380,$52.41,$53.57,$52.38
09/24/2021,$52.23,11643550,$51.88,$52.63,$51.72
09/23/2021,$51.92,14043210,$51.10,$52.075,$51.04
09/22/2021,$50.78,14038300,$50.03,$51.22,$50.03
09/21/2021,$49.37,14172720,$49.57,$49.775,$48.785
09/20/2021,$49.37,24540600,$49.45,$49.54,$48.37
09/17/2021,$51.33,45119260,$51.33,$51.93,$50.99
09/16/2021,$51.52,12617330,$51.59,$51.90,$50.91
09/15/2021,$51.82,13658530,$50.79,$51.93,$50.54
09/14/2021,$50.74,12587250,$51.22,$51.42,$50.50
09/13/2021,$50.82,18506470,$50.11,$50.95,$49.60
09/10/2021,$49.49,22774720,$48.69,$50.42,$48.69
09/09/2021,$48.42,13739530,$48.95,$48.95,$47.80
09/08/2021,$48.97,11136340,$48.64,$49.52,$48.42
09/07/2021,$48.72,12316200,$48.49,$49.225,$48.4201
09/03/2021,$48.82,9937933,$48.80,$48.995,$48.42
09/02/2021,$48.95,13370750,$49.15,$49.50,$48.81
09/01/2021,$49.11,10982080,$49.10,$49.64,$48.68
08/31/2021,$49.01,14293110,$49.17,$49.43,$48.67
08/30/2021,$49.17,13708990,$49.95,$49.95,$48.95
08/27/2021,$49.80,14874280,$48.75,$50.07,$48.66
08/26/2021,$48.62,16599240,$49.47,$49.47,$48.5201
08/25/2021,$49.70,14406590,$49.49,$49.93,$49.16
08/24/2021,$49.57,21394700,$48.50,$49.865,$48.23
08/23/2021,$48.18,30149160,$48.16,$48.35,$47.07
08/20/2021,$48.80,16898400,$48.96,$49.14,$48.35
08/19/2021,$49.08,23387330,$50.00,$50.22,$48.67
08/18/2021,$50.84,15271360,$50.53,$51.4899,$50.40
08/17/2021,$50.47,28477810,$51.98,$52.08,$50.20
08/16/2021,$52.95,17029240,$53.01,$53.255,$52.49
08/13/2021,$53.65,11849190,$54.56,$54.71,$53.59
08/12/2021,$54.62,10766210,$54.44,$55.04,$54.185
08/11/2021,$54.27,15814570,$54.42,$54.50,$53.45
08/10/2021,$54.26,14479060,$54.00,$54.38,$53.66
08/09/2021,$53.95,16079980,$54.27,$54.37,$53.40
08/06/2021,$55.05,14970100,$54.81,$55.345,$54.26
08/05/2021,$54.44,28571440,$53.86,$54.88,$53.55
08/04/2021,$52.72,67667170,$55.23,$55.45,$52.21
08/03/2021,$57.88,12273520,$57.47,$57.96,$56.61
08/02/2021,$57.03,12397530,$57.37,$58.60,$56.88
07/30/2021,$56.84,13185460,$56.72,$57.805,$56.62
07/29/2021,$57.28,15438980,$57.00,$57.7398,$56.82
07/28/2021,$55.49,10549240,$55.42,$55.86,$54.685
07/27/2021,$55.00,13374880,$55.21,$55.36,$54.215
07/26/2021,$55.77,9589042,$55.24,$55.91,$55.10
07/23/2021,$54.94,14535960,$55.31,$55.786,$54.81
07/22/2021,$55.64,12019880,$56.75,$56.76,$55.49
07/21/2021,$57.05,11035170,$56.80,$57.47,$56.56
07/20/2021,$56.15,13292000,$54.26,$56.38,$54.12
07/19/2021,$54.18,20942080,$53.90,$54.43,$52.63
07/16/2021,$55.46,13611410,$57.48,$57.48,$55.37
07/15/2021,$56.95,12103430,$57.12,$57.69,$56.59
07/14/2021,$58.00,12520540,$58.89,$59.36,$57.705
07/13/2021,$58.73,14604230,$59.04,$59.26,$58.255
07/12/2021,$58.97,14513200,$58.56,$59.17,$57.82
07/09/2021,$58.76,24361340,$58.80,$58.92,$57.885
07/08/2021,$56.06,14087370,$55.30,$56.585,$54.86
07/07/2021,$56.59,13077580,$57.34,$57.40,$56.13
07/06/2021,$57.46,16155580,$58.92,$58.93,$57.01
07/02/2021,$58.96,9699563,$59.11,$59.32,$58.52
07/01/2021,$59.11,11752120,$59.44,$59.73,$58.775
06/30/2021,$59.17,12330500,$58.74,$59.465,$58.61
06/29/2021,$58.83,12171830,$59.20,$59.545,$58.70
06/28/2021,$58.64,17152710,$60.31,$60.38,$58.433
06/25/2021,$60.30,14255100,$60.29,$60.58,$60.0201
06/24/2021,$60.04,14445340,$60.39,$60.50,$59.76
06/23/2021,$60.12,11527880,$59.85,$60.43,$59.46
06/22/2021,$59.24,8928515,$59.54,$59.60,$59.02
06/21/2021,$59.30,12276890,$59.75,$59.75,$58.82
06/18/2021,$58.76,25602760,$59.28,$59.59,$58.41
06/17/2021,$60.08,19712090,$61.82,$62.4018,$59.36
06/16/2021,$61.76,31080000,$62.46,$63.09,$61.20
06/15/2021,$60.81,10736980,$60.68,$61.11,$59.98
06/14/2021,$60.79,15443290,$61.47,$61.64,$60.305
06/11/2021,$61.49,10205010,$61.36,$62.011,$61.1624
06/10/2021,$61.34,16141860,$62.83,$63.0495,$61.165
06/09/2021,$62.77,14371330,$63.95,$64.158,$62.69
06/08/2021,$63.92,13027190,$63.02,$63.965,$62.43
06/07/2021,$63.23,15549750,$63.98,$64.30,$62.63
06/04/2021,$63.37,21072290,$63.57,$63.88,$62.39
06/03/2021,$63.46,38179710,$61.57,$63.675,$60.71
06/02/2021,$59.65,11975380,$60.26,$60.26,$59.13
06/01/2021,$59.65,10428970,$59.99,$60.25,$59.25
05/28/2021,$59.31,12668070,$59.88,$59.99,$58.59
05/27/2021,$59.77,33843790,$60.00,$60.72,$59.21
05/26/2021,$58.08,14242710,$56.97,$58.17,$56.77
05/25/2021,$56.76,16362250,$56.87,$58.17,$56.705
05/24/2021,$56.60,8943030,$57.05,$57.20,$56.32
05/21/2021,$56.72,15150890,$56.01,$58.78,$55.77
05/20/2021,$55.51,11504050,$55.92,$56.04,$55.19
05/19/2021,$55.53,11693670,$55.00,$55.62,$54.1206
05/18/2021,$55.89,11464410,$56.23,$56.81,$55.85
05/17/2021,$56.04,11028460,$55.84,$56.115,$55.19
05/14/2021,$56.00,11313030,$55.12,$56.04,$55.01
05/13/2021,$54.60,13314890,$54.43,$55.51,$54.13
05/12/2021,$53.76,19348650,$55.54,$55.71,$53.52
05/11/2021,$55.73,22773190,$56.15,$56.75,$54.87
05/10/2021,$57.41,14591600,$59.00,$59.58,$57.36
05/07/2021,$58.99,15480480,$58.00,$59.045,$57.27
05/06/2021,$58.72,20108090,$57.43,$58.77,$57.43
05/05/2021,$57.58,14399090,$57.09,$57.89,$56.33
05/04/2021,$55.34,22262270,$56.55,$56.59,$54.82
05/03/2021,$57.15,11585140,$57.60,$58.34,$56.705
04/30/2021,$57.22,15348270,$56.18,$57.34,$56.09
04/29/2021,$56.57,21315630,$57.74,$57.75,$55.69
04/28/2021,$58.55,10485210,$59.00,$59.00,$58.27
04/27/2021,$58.97,9293520,$58.265,$59.10,$58.02
04/26/2021,$58.21,11553940,$57.86,$58.58,$57.6599
04/23/2021,$57.53,10808450,$56.77,$57.7382,$56.43
04/22/2021,$56.66,15822210,$57.54,$57.80,$56.13
04/21/2021,$57.49,14648710,$55.28,$57.50,$54.71
04/20/2021,$55.77,23736070,$57.12,$57.28,$54.92
04/19/2021,$57.88,12262460,$58.57,$58.74,$57.23
04/16/2021,$58.71,11087330,$59.01,$59.31,$58.28
04/15/2021,$58.61,14395680,$59.45,$59.53,$58.37
04/14/2021,$58.48,14618110,$58.59,$59.65,$58.25
04/13/2021,$58.49,17416610,$59.23,$59.54,$57.89
04/12/2021,$59.66,10230960,$60.20,$60.29,$59.29
04/09/2021,$60.16,12182310,$59.56,$60.38,$59.42
04/08/2021,$60.09,19016320,$60.36,$60.75,$58.81
04/07/2021,$60.83,17167950,$61.86,$61.865,$60.69
04/06/2021,$61.94,39518700,$60.50,$63.44,$60.44
04/05/2021,$61.04,24632990,$59.00,$61.185,$58.75
04/01/2021,$57.80,17783620,$57.92,$58.22,$57.035
03/31/2021,$57.46,20761350,$58.28,$58.58,$57.265
03/30/2021,$58.51,19606810,$56.60,$58.63,$56.40
03/29/2021,$55.94,16058430,$56.08,$57.20,$55.74
03/26/2021,$56.52,16358870,$57.01,$57.34,$55.345
03/25/2021,$56.60,16178460,$54.60,$56.82,$54.25
03/24/2021,$55.81,20567210,$56.68,$57.48,$55.71
03/23/2021,$56.16,21280750,$56.99,$57.7621,$55.705
03/22/2021,$58.10,30094910,$58.75,$58.93,$56.51
03/19/2021,$59.82,23346210,$59.34,$60.32,$58.18
03/18/2021,$59.27,34844940,$60.06,$62.24,$58.88
03/17/2021,$60.05,23746170,$57.24,$60.115,$57.15
03/16/2021,$57.12,16177030,$58.36,$58.57,$56.80
03/15/2021,$57.94,19752510,$59.31,$59.31,$57.21
03/12/2021,$59.26,29829610,$56.00,$59.62,$55.70
03/11/2021,$56.33,20244670,$56.87,$57.17,$55.94
03/10/2021,$56.83,22760580,$55.00,$56.95,$54.88
03/09/2021,$54.65,17902160,$55.36,$55.43,$54.0337
03/08/2021,$54.98,24450450,$54.29,$56.20,$53.74
03/05/2021,$53.75,25189990,$52.59,$53.99,$50.48
03/04/2021,$51.83,26231870,$52.99,$54.1799,$50.25
03/03/2021,$52.67,19667240,$54.50,$54.88,$52.66
03/02/2021,$54.11,36267190,$52.60,$55.29,$52.19
03/01/2021,$52.54,15385260,$52.41,$52.8183,$51.82
02/26/2021,$51.33,17125140,$50.87,$51.73,$49.92
02/25/2021,$50.60,20628940,$52.70,$52.93,$50.5502
02/24/2021,$52.90,18374960,$51.95,$53.21,$51.29
02/23/2021,$51.11,21202690,$51.00,$51.38,$49.35
02/22/2021,$51.98,14501270,$52.00,$52.93,$51.8803
02/19/2021,$52.57,15354380,$52.50,$53.29,$52.22
02/18/2021,$52.16,17615890,$52.56,$52.62,$51.60
02/17/2021,$52.89,14311990,$52.84,$53.33,$52.08
02/16/2021,$53.46,18541590,$53.71,$53.99,$53.22
02/12/2021,$53.60,15317420,$53.00,$54.19,$52.96
02/11/2021,$48.82,29871450,$49.81,$49.8494,$48.66
02/10/2021,$54.88,55329760,$55.61,$55.69,$52.51
02/09/2021,$56.06,25168810,$56.54,$56.94,$55.735
02/08/2021,$56.88,26990000,$56.00,$57.05,$55.67
02/05/2021,$54.41,17250190,$54.82,$55.05,$54.15
02/04/2021,$54.13,19243300,$53.34,$54.56,$52.97
02/03/2021,$54.25,30706460,$53.30,$55.05,$53.19
02/02/2021,$52.72,20457410,$52.30,$52.98,$51.955
02/01/2021,$51.51,21451290,$51.46,$51.95,$50.44
01/29/2021,$50.68,26466800,$50.70,$51.78,$49.96
01/28/2021,$51.04,37573420,$49.88,$53.00,$49.56
01/27/2021,$49.34,38315160,$50.80,$50.86,$48.71
01/26/2021,$52.04,21648200,$53.39,$53.585,$51.81
01/25/2021,$53.39,39844160,$54.95,$55.1559,$51.02
01/22/2021,$55.40,23895590,$54.50,$55.77,$54.27
01/21/2021,$55.08,39886580,$56.325,$56.97,$54.76
01/20/2021,$53.39,47428520,$54.95,$55.1559,$51.02
01/19/2021,$54.84,64143970,$53.69,$55.1399,$52.26
01/15/2021,$49.97,25293740,$51.30,$51.40,$49.255
01/14/2021,$51.53,36839850,$49.50,$51.87,$49.33
01/13/2021,$48.73,49229700,$50.78,$50.97,$48.06
01/12/2021,$47.82,63889310,$46.30,$48.95,$45.65
01/11/2021,$45.01,25887260,$43.015,$45.28,$42.63
01/08/2021,$43.06,18426230,$43.31,$43.49,$42.315
01/07/2021,$43.32,13625730,$43.98,$43.98,$42.96
01/06/2021,$42.98,22694900,$41.92,$43.85,$41.86
01/05/2021,$41.66,18045830,$40.06,$41.84,$40.0404
01/04/2021,$40.51,15768080,$41.95,$42.12,$40.14
12/31/2020,$41.64,11101330,$41.76,$41.80,$41.20
12/30/2020,$41.84,6491928,$41.65,$42.20,$41.57
12/29/2020,$41.57,7987675,$41.89,$42.13,$41.37
12/28/2020,$41.66,10471360,$42.00,$42.19,$41.63
12/24/2020,$41.58,7825369,$42.06,$42.20,$41.205
12/23/2020,$42.45,17573080,$41.18,$42.89,$41.10
12/22/2020,$40.90,10602720,$41.35,$41.40,$40.55
12/21/2020,$41.21,15533940,$40.26,$41.50,$40.06
12/18/2020,$41.01,21808270,$42.02,$42.05,$40.59
12/17/2020,$42.03,12081560,$41.71,$42.03,$41.43
12/16/2020,$41.42,15134090,$41.79,$41.87,$40.81
12/15/2020,$41.66,12531590,$41.99,$42.1605,$41.31
12/14/2020,$41.62,9995687,$42.49,$42.54,$41.42
12/11/2020,$41.92,15555640,$42.48,$42.68,$41.62
12/10/2020,$42.87,18235570,$43.83,$43.88,$42.46
12/09/2020,$44.43,12470460,$44.13,$44.55,$43.91
12/08/2020,$43.80,10160440,$43.72,$44.18,$43.42
12/07/2020,$44.31,9207532,$44.40,$44.40,$43.575
12/04/2020,$44.40,11895200,$44.40,$44.735,$44.13
12/03/2020,$44.09,13437830,$44.79,$44.87,$43.96
12/02/2020,$44.58,11280740,$44.00,$44.5999,$43.67
12/01/2020,$44.68,12995000,$44.78,$45.45,$44.00
11/30/2020,$43.84,21600460,$44.96,$45.32,$43.62
11/27/2020,$45.06,7528791,$45.35,$45.59,$44.75
11/25/2020,$45.46,16122250,$45.61,$46.06,$44.64
11/24/2020,$46.46,20048740,$45.91,$46.71,$45.07
11/23/2020,$44.77,22569560,$43.96,$45.16,$43.56
11/20/2020,$43.04,16887840,$42.81,$43.32,$42.37
11/19/2020,$42.82,17214470,$42.61,$43.185,$42.18
11/18/2020,$42.72,27632540,$42.19,$44.13,$42.06
11/17/2020,$41.98,16088210,$41.85,$42.54,$41.14
11/16/2020,$42.13,16692060,$41.77,$42.15,$40.92
11/13/2020,$41.19,15021310,$39.69,$41.32,$39.595
11/12/2020,$39.32,20268330,$40.11,$40.24,$38.8113
11/11/2020,$40.56,19841050,$41.29,$41.77,$40.11
11/10/2020,$41.08,26746940,$39.75,$41.59,$39.56
11/09/2020,$38.96,22100750,$38.72,$39.72,$38.63
11/06/2020,$37.47,18089200,$37.50,$38.14,$37.01
11/05/2020,$37.14,35075000,$36.90,$37.25,$35.34
11/04/2020,$35.24,14740620,$35.31,$35.77,$34.23
11/03/2020,$35.35,11439110,$35.10,$35.985,$34.8934
11/02/2020,$34.55,14648410,$35.12,$35.3849,$34.38
10/30/2020,$34.53,13074620,$34.46,$35.03,$33.96
10/29/2020,$34.89,14230350,$34.51,$35.66,$34.36
10/28/2020,$34.09,15010800,$33.73,$34.63,$33.55
10/27/2020,$34.89,11168570,$35.55,$35.855,$34.75
10/26/2020,$35.82,15448130,$36.27,$36.43,$35.20
10/23/2020,$36.83,16296330,$37.49,$38.03,$36.78
10/22/2020,$37.41,23288870,$35.90,$37.43,$35.88
10/21/2020,$35.77,23277870,$36.10,$36.28,$35.13
10/20/2020,$35.60,38660940,$33.96,$36.365,$33.77
10/19/2020,$33.35,10527290,$33.50,$33.865,$33.05
10/16/2020,$33.45,11956110,$32.88,$33.47,$32.68
10/15/2020,$32.59,11829830,$30.99,$32.69,$30.95
10/14/2020,$31.67,8018000,$32.08,$32.24,$31.53
10/13/2020,$31.87,7842070,$32.13,$32.28,$31.465
10/12/2020,$32.21,6932582,$32.36,$32.67,$32.1217
10/09/2020,$32.16,9411657,$32.30,$32.68,$32.015
10/08/2020,$32.21,17323330,$31.90,$32.635,$31.795
10/07/2020,$31.62,11794970,$30.85,$31.76,$30.81
10/06/2020,$30.40,10293660,$31.27,$31.45,$30.30
10/05/2020,$30.96,8314143,$30.85,$31.29,$30.80
10/02/2020,$30.46,9474033,$29.65,$30.90,$29.59
10/01/2020,$30.38,15052940,$29.52,$30.51,$29.15
09/30/2020,$29.59,11523760,$28.89,$29.82,$28.89
09/29/2020,$28.74,7438617,$29.27,$29.40,$28.50
09/28/2020,$29.44,8395670,$29.82,$30.04,$29.38
09/25/2020,$29.00,9350419,$28.86,$29.22,$28.56
09/24/2020,$29.11,12393740,$29.05,$29.585,$28.24
09/23/2020,$29.34,10899720,$29.49,$29.99,$29.2001
09/22/2020,$29.44,11106810,$29.85,$30.36,$29.325
09/21/2020,$30.00,20577930,$30.30,$30.42,$29.16
09/18/2020,$31.50,15040940,$31.85,$32.05,$31.36
09/17/2020,$31.92,11459930,$31.31,$31.95,$30.95
09/16/2020,$31.79,16402400,$32.68,$32.79,$31.74
09/15/2020,$31.58,21096310,$31.36,$33.14,$30.825
09/14/2020,$31.18,11972070,$30.72,$31.56,$30.535
09/11/2020,$30.46,13638660,$30.30,$30.57,$29.87
09/10/2020,$30.17,24848220,$31.82,$31.88,$30.14
09/09/2020,$31.95,22376280,$32.11,$32.75,$31.725
09/08/2020,$32.38,52000040,$31.72,$33.33,$31.05
09/04/2020,$30.00,13821990,$29.93,$30.37,$29.355
09/03/2020,$29.48,22358110,$30.93,$31.52,$29.13
09/02/2020,$30.96,16246160,$29.85,$31.09,$29.8004
09/01/2020,$29.79,9012046,$29.53,$29.85,$29.34
08/31/2020,$29.63,9585300,$30.02,$30.19,$29.61
08/28/2020,$30.02,9180199,$29.86,$30.225,$29.635
08/27/2020,$29.69,8745402,$29.60,$30.235,$29.52
08/26/2020,$29.48,9740007,$29.78,$29.83,$29.12
08/25/2020,$29.69,13006670,$30.40,$30.73,$29.48
08/24/2020,$30.31,20137880,$29.28,$30.755,$28.99
08/21/2020,$28.56,9841202,$28.74,$28.9548,$28.43
08/20/2020,$28.83,9680168,$28.70,$29.17,$28.64
08/19/2020,$29.22,14504200,$29.65,$30.0281,$29.08
08/18/2020,$29.84,23102830,$30.55,$31.12,$29.79
08/17/2020,$30.01,33827830,$28.60,$30.775,$28.4284
08/14/2020,$27.86,8587722,$27.29,$28.125,$27.15
08/13/2020,$27.55,7586072,$27.73,$28.22,$27.50
08/12/2020,$28.03,10062450,$28.99,$29.75,$27.78
08/11/2020,$28.52,17260200,$28.47,$29.3481,$28.435
08/10/2020,$27.98,10853600,$26.91,$28.06,$26.86
08/07/2020,$26.72,8038761,$26.48,$26.81,$26.17
08/06/2020,$26.62,14171810,$26.17,$27.19,$26.15
08/05/2020,$26.33,9252746,$26.20,$26.35,$25.88
08/04/2020,$25.80,15609610,$25.87,$26.03,$25.51
08/03/2020,$25.64,10445590,$25.06,$25.77,$24.82
07/31/2020,$24.89,17784320,$25.12,$25.15,$24.44
07/30/2020,$25.20,16012010,$25.13,$25.46,$25.02
07/29/2020,$25.89,28792150,$27.04,$27.05,$24.93
07/28/2020,$26.33,12854300,$25.78,$26.745,$25.69
07/27/2020,$25.70,16598110,$25.88,$25.92,$25.31
07/24/2020,$26.25,8584829,$26.60,$26.875,$26.11
07/23/2020,$26.76,13653510,$26.44,$27.325,$26.33
07/22/2020,$26.30,10702600,$25.87,$26.50,$25.80
07/21/2020,$26.15,9740141,$26.17,$26.48,$25.97
07/20/2020,$26.01,8663498,$26.21,$26.54,$25.77
07/17/2020,$26.45,8241084,$26.99,$27.00,$26.25
07/16/2020,$26.85,9736414,$26.35,$27.185,$26.26
07/15/2020,$26.88,14893700,$26.32,$27.03,$26.13
07/14/2020,$25.64,16477080,$24.80,$25.845,$24.67
07/13/2020,$24.86,14766810,$24.65,$25.19,$24.37
07/10/2020,$24.39,15660010,$23.55,$24.40,$23.33
07/09/2020,$23.42,17778150,$24.76,$24.8299,$23.33
07/08/2020,$24.94,11111570,$25.19,$25.255,$24.67
